"Date","Open","High","Low","Close","Volume","Adj Close","Pt / Pt-1","Log Pt / Pt-1"
12/31/07 12:00 AM,1475.25,1475.83,1465.13,1468.36,2440880000,1468.36,0.9931484,-0.0029858
12/28/07 12:00 AM,1479.83,1488.01,1471.7,1478.49,2420510000,1478.49,1.0015038,0.0006526
12/27/07 12:00 AM,1495.05,1495.05,1475.86,1476.27,2365770000,1476.27,0.9857177,-0.0062474
12/26/07 12:00 AM,1495.12,1498.85,1488.2,1497.66,2010500000,1497.66,1.0008086,0.0003510
12/24/07 12:00 AM,1484.55,1497.63,1484.55,1496.45,1267420000,1496.45,1.0080770,0.0034937
12/21/07 12:00 AM,1463.19,1485.4,1463.19,1484.46,4508590000,1484.46,1.0166699,0.0071799
12/20/07 12:00 AM,1456.42,1461.53,1447.22,1460.12,3526890000,1460.12,1.0049002,0.0021229
12/19/07 12:00 AM,1454.7,1464.42,1445.31,1453,3401300000,1453,0.9986392,-0.0005914
12/18/07 12:00 AM,1445.92,1460.16,1435.65,1454.98,3723690000,1454.98,1.0062798,0.0027188
12/17/07 12:00 AM,1465.05,1465.05,1445.43,1445.9,3569030000,1445.9,0.9849791,-0.0065730
12/14/07 12:00 AM,1486.19,1486.67,1467.78,1467.95,3401050000,1467.95,0.9862538,-0.0060113
12/13/07 12:00 AM,1483.27,1489.4,1469.21,1488.41,3635170000,1488.41,1.0012243,0.0005314
12/12/07 12:00 AM,1487.58,1511.96,1468.23,1486.59,4482120000,1486.59,1.0060501,0.0026196
12/11/07 12:00 AM,1516.68,1523.57,1475.99,1477.65,4080180000,1477.65,0.9747289,-0.0111162
12/10/07 12:00 AM,1505.11,1518.27,1504.96,1515.96,2911760000,1515.96,1.0075100,0.0032494
12/07/07 12:00 AM,1508.6,1510.63,1502.66,1504.66,3177710000,1504.66,0.9982220,-0.0007728
12/06/07 12:00 AM,1484.59,1508.02,1482.19,1507.34,3568570000,1507.34,1.0150369,0.0064818
12/05/07 12:00 AM,1465.22,1486.09,1465.22,1485.01,3663660000,1485.01,1.0151902,0.0065474
12/04/07 12:00 AM,1471.34,1471.34,1460.66,1462.79,3343620000,1462.79,0.9934597,-0.0028497
12/03/07 12:00 AM,1479.63,1481.16,1470.08,1472.42,3323250000,1472.42,0.9941126,-0.0025644
11/30/07 12:00 AM,1471.83,1488.94,1470.89,1481.14,4422200000,1481.14,1.0077702,0.0033615
11/29/07 12:00 AM,1467.41,1473.81,1458.36,1469.72,3524730000,1469.72,1.0004765,0.0002069
11/28/07 12:00 AM,1432.95,1471.62,1432.95,1469.02,4508020000,1469.02,1.0285598,0.0122296
11/27/07 12:00 AM,1409.59,1429.49,1407.43,1428.23,4320720000,1428.23,1.0149301,0.0064362
11/26/07 12:00 AM,1440.74,1446.09,1406.1,1407.22,3706470000,1407.22,0.9767613,-0.0102116
11/23/07 12:00 AM,1417.62,1440.86,1417.62,1440.7,1612720000,1440.7,1.0168905,0.0072742
11/21/07 12:00 AM,1434.71,1436.4,1415.64,1416.77,4076230000,1416.77,0.9840731,-0.0069727
11/20/07 12:00 AM,1434.51,1452.64,1419.28,1439.7,4875150000,1439.7,1.0044862,0.0019440
11/19/07 12:00 AM,1456.7,1456.7,1430.42,1433.27,4119650000,1433.27,0.9825397,-0.0076499
11/16/07 12:00 AM,1453.09,1462.18,1443.99,1458.74,4168870000,1458.74,1.0052303,0.0022656
11/15/07 12:00 AM,1468.04,1472.67,1443.49,1451.15,3941010000,1451.15,0.9867875,-0.0057763
11/14/07 12:00 AM,1483.4,1492.14,1466.47,1470.58,4031470000,1470.58,0.9929307,-0.0030811
11/13/07 12:00 AM,1441.35,1481.37,1441.35,1481.05,4141310000,1481.05,1.0290930,0.0124546
11/12/07 12:00 AM,1453.66,1464.94,1438.53,1439.18,4192520000,1439.18,0.9900117,-0.0043597
11/09/07 12:00 AM,1467.59,1474.09,1448.51,1453.7,4587050000,1453.7,0.9857130,-0.0062495
11/08/07 12:00 AM,1475.27,1482.5,1450.31,1474.77,5439720000,1474.77,0.9994240,-0.0002502
11/07/07 12:00 AM,1515.46,1515.46,1475.04,1475.62,4353160000,1475.62,0.9706302,-0.0129462
11/06/07 12:00 AM,1505.33,1520.77,1499.07,1520.27,3879160000,1520.27,1.0120492,0.0052016
11/05/07 12:00 AM,1505.61,1510.84,1489.95,1502.17,3819330000,1502.17,0.9950452,-0.0021572
11/02/07 12:00 AM,1511.07,1513.15,1492.53,1509.65,4285990000,1509.65,1.0008022,0.0003482
11/01/07 12:00 AM,1545.79,1545.79,1506.66,1508.44,4241470000,1508.44,0.9735765,-0.0116299
10/31/07 12:00 AM,1532.15,1552.76,1529.4,1549.38,3953070000,1549.38,1.0119920,0.0051771
10/30/07 12:00 AM,1539.42,1539.42,1529.55,1531.02,3212520000,1531.02,0.9935366,-0.0028161
10/29/07 12:00 AM,1536.92,1544.67,1536.43,1540.98,3124480000,1540.98,1.0037127,0.0016094
10/26/07 12:00 AM,1522.17,1535.53,1520.18,1535.28,3612120000,1535.28,1.0137876,0.0059470
10/25/07 12:00 AM,1516.15,1523.24,1500.46,1514.4,4183960000,1514.4,0.9990237,-0.0004242
10/24/07 12:00 AM,1516.61,1517.23,1489.56,1515.88,4003300000,1515.88,0.9975586,-0.0010616
10/23/07 12:00 AM,1509.3,1520.01,1503.61,1519.59,3309120000,1519.59,1.0088029,0.0038063
10/22/07 12:00 AM,1497.79,1508.06,1490.4,1506.33,3471830000,1506.33,1.0037984,0.0016465
10/19/07 12:00 AM,1540,1540,1500.26,1500.63,4160970000,1500.63,0.9743844,-0.0112697
10/18/07 12:00 AM,1539.29,1542.79,1531.76,1540.08,3203210000,1540.08,0.9992474,-0.0003270
10/17/07 12:00 AM,1544.44,1550.66,1526.01,1541.24,3638070000,1541.24,1.0017614,0.0007643
10/16/07 12:00 AM,1547.81,1547.81,1536.29,1538.53,3234560000,1538.53,0.9934268,-0.0028641
10/15/07 12:00 AM,1562.25,1564.74,1540.81,1548.71,3139290000,1548.71,0.9916186,-0.0036553
10/12/07 12:00 AM,1555.41,1563.03,1554.09,1561.8,2788690000,1561.8,1.0047542,0.0020598
10/11/07 12:00 AM,1564.72,1576.09,1546.72,1554.41,3911260000,1554.41,0.9948415,-0.0022461
10/10/07 12:00 AM,1564.98,1565.42,1555.46,1562.47,3044760000,1562.47,0.9982877,-0.0007443
10/09/07 12:00 AM,1553.18,1565.26,1551.82,1565.15,2932040000,1565.15,1.0080962,0.0035020
10/08/07 12:00 AM,1556.51,1556.51,1549,1552.58,2040650000,1552.58,0.9967835,-0.0013992
10/05/07 12:00 AM,1543.84,1561.91,1543.84,1557.59,2919030000,1557.59,1.0095603,0.0041323
10/04/07 12:00 AM,1539.91,1544.02,1537.63,1542.84,2690430000,1542.84,1.0021110,0.0009158
10/03/07 12:00 AM,1545.8,1545.84,1536.34,1539.59,3065320000,1539.59,0.9954482,-0.0019813
10/02/07 12:00 AM,1546.96,1548.01,1540.37,1546.63,3101910000,1546.63,0.9997350,-0.0001151
10/01/07 12:00 AM,1527.29,1549.02,1527.25,1547.04,3281990000,1547.04,1.0102261,0.0044186
09/27/07 12:00 AM,1527.32,1532.46,1525.81,1531.38,2872180000,1531.38,1.0039071,0.0016935
09/26/07 12:00 AM,1518.62,1529.39,1518.62,1525.42,3237390000,1525.42,1.0054112,0.0023437
09/25/07 12:00 AM,1516.34,1518.27,1507.13,1517.21,3187770000,1517.21,0.9996574,-0.0001488
09/24/07 12:00 AM,1525.75,1530.18,1516.15,1517.73,3131310000,1517.73,0.9947436,-0.0022889
09/21/07 12:00 AM,1518.75,1530.89,1518.75,1525.75,3679460000,1525.75,1.0046091,0.0019971
09/20/07 12:00 AM,1528.69,1529.14,1516.42,1518.75,2957700000,1518.75,0.9932768,-0.0029297
09/19/07 12:00 AM,1519.75,1538.74,1519.75,1529.03,3846750000,1529.03,1.0060864,0.0026353
09/18/07 12:00 AM,1476.63,1519.89,1476.63,1519.78,3708940000,1519.78,1.0292080,0.0125032
09/17/07 12:00 AM,1484.24,1484.24,1471.82,1476.65,2598390000,1476.65,0.9948796,-0.0022295
09/14/07 12:00 AM,1483.95,1485.99,1473.18,1484.25,2641740000,1484.25,1.0002022,0.0000878
09/13/07 12:00 AM,1471.47,1489.58,1471.47,1483.95,2877080000,1483.95,1.0084196,0.0036413
09/12/07 12:00 AM,1471.1,1479.5,1465.75,1471.56,2885720000,1471.56,1.0000476,0.0000207
09/11/07 12:00 AM,1451.69,1472.48,1451.69,1471.49,3015330000,1471.49,1.0136323,0.0058804
09/10/07 12:00 AM,1453.5,1462.25,1439.29,1451.7,2835720000,1451.7,0.9987273,-0.0005531
09/07/07 12:00 AM,1478.55,1478.55,1449.07,1453.55,3191080000,1453.55,0.9830915,-0.0074060
09/06/07 12:00 AM,1472.03,1481.49,1467.41,1478.55,2459590000,1478.55,1.0042519,0.0018427
09/05/07 12:00 AM,1488.76,1488.76,1466.34,1472.29,2991600000,1472.29,0.9884989,-0.0050238
09/04/07 12:00 AM,1473.96,1496.4,1472.15,1489.42,2766600000,1489.42,1.0104682,0.0045226
08/31/07 12:00 AM,1457.61,1481.47,1457.61,1473.99,2731610000,1473.99,1.0112168,0.0048443
08/30/07 12:00 AM,1463.67,1468.43,1451.25,1457.64,2582960000,1457.64,0.9958190,-0.0018196
08/29/07 12:00 AM,1432.01,1463.76,1432.01,1463.76,2824070000,1463.76,1.0219219,0.0094177
08/28/07 12:00 AM,1466.72,1466.72,1432.01,1432.36,3078090000,1432.36,0.9765270,-0.0103158
08/27/07 12:00 AM,1479.36,1479.36,1465.98,1466.79,2406180000,1466.79,0.9914964,-0.0037089
08/24/07 12:00 AM,1462.34,1479.4,1460.54,1479.37,2541400000,1479.37,1.0115350,0.0049809
08/23/07 12:00 AM,1464.05,1472.06,1453.88,1462.5,3084390000,1462.5,0.9989276,-0.0004660
08/22/07 12:00 AM,1447.03,1464.86,1447.03,1464.07,3309120000,1464.07,1.0117129,0.0050573
08/21/07 12:00 AM,1445.55,1455.32,1439.76,1447.12,3012150000,1447.12,1.0010861,0.0004714
08/20/07 12:00 AM,1445.94,1451.75,1430.54,1445.55,3321340000,1445.55,0.9997303,-0.0001172
08/17/07 12:00 AM,1411.26,1450.33,1411.26,1445.94,3570040000,1445.94,1.0245665,0.0105402
08/16/07 12:00 AM,1406.64,1415.97,1370.6,1411.27,6509300000,1411.27,1.0032487,0.0014086
08/15/07 12:00 AM,1426.15,1440.78,1404.36,1406.7,4290930000,1406.7,0.9860922,-0.0060825
08/14/07 12:00 AM,1452.87,1456.74,1426.2,1426.54,3814630000,1426.54,0.9818435,-0.0079577
08/13/07 12:00 AM,1453.42,1466.29,1451.54,1452.92,3696280000,1452.92,0.9995047,-0.0002152
08/10/07 12:00 AM,1453.09,1462.02,1429.74,1453.64,5345780000,1453.64,1.0003785,0.0001644
08/09/07 12:00 AM,1497.21,1497.21,1453.09,1453.09,5889600000,1453.09,0.9703504,-0.0130714
08/08/07 12:00 AM,1476.22,1503.89,1476.22,1497.49,5499560000,1497.49,1.0140718,0.0060687
08/07/07 12:00 AM,1467.62,1488.3,1455.8,1476.71,4909390000,1476.71,1.0061594,0.0026668
08/06/07 12:00 AM,1433.04,1467.67,1427.39,1467.67,5067200000,1467.67,1.0241511,0.0103640
08/03/07 12:00 AM,1472.18,1473.23,1432.8,1433.06,4272110000,1433.06,0.9734139,-0.0117024
08/02/07 12:00 AM,1465.46,1476.43,1460.58,1472.2,4368850000,1472.2,1.0043594,0.0018891
08/01/07 12:00 AM,1455.18,1468.38,1439.59,1465.81,5256780000,1465.81,1.0072426,0.0031341
07/31/07 12:00 AM,1473.9,1488.3,1454.25,1455.27,4524520000,1455.27,0.9873534,-0.0055274
07/30/07 12:00 AM,1458.93,1477.88,1454.32,1473.91,4128780000,1473.91,1.0102539,0.0044306
07/27/07 12:00 AM,1482.44,1488.53,1458.95,1458.95,4784650000,1458.95,0.9840085,-0.0070012
07/26/07 12:00 AM,1518.09,1518.09,1465.3,1482.66,4472550000,1482.66,0.9766615,-0.0102559
07/25/07 12:00 AM,1511.03,1524.31,1503.73,1518.09,4283200000,1518.09,1.0046657,0.0020216
07/24/07 12:00 AM,1541.57,1541.57,1508.62,1511.04,4115830000,1511.04,0.9801955,-0.0086873
07/23/07 12:00 AM,1534.06,1547.23,1534.06,1541.57,3102700000,1541.57,1.0048693,0.0021096
07/20/07 12:00 AM,1553.19,1553.19,1529.2,1534.1,3745780000,1534.1,0.9877791,-0.0053402
07/19/07 12:00 AM,1546.13,1555.2,1546.13,1553.08,3251450000,1553.08,1.0044691,0.0019366
07/18/07 12:00 AM,1549.2,1549.2,1533.67,1546.17,3609220000,1546.17,0.9979346,-0.0008979
07/17/07 12:00 AM,1549.52,1555.32,1547.74,1549.37,3007140000,1549.37,0.9999032,-0.0000420
07/16/07 12:00 AM,1552.5,1555.9,1546.69,1549.52,2704110000,1549.52,0.9980805,-0.0008344
07/13/07 12:00 AM,1547.68,1555.1,1544.85,1552.5,2801120000,1552.5,1.0031014,0.0013448
07/12/07 12:00 AM,1518.74,1547.92,1518.74,1547.7,3489600000,1547.7,1.0190550,0.0081976
07/11/07 12:00 AM,1509.93,1519.34,1506.1,1518.76,3082920000,1518.76,1.0057214,0.0024777
07/10/07 12:00 AM,1531.85,1531.85,1510.01,1510.12,3244280000,1510.12,0.9858145,-0.0062048
07/09/07 12:00 AM,1530.43,1534.26,1527.45,1531.85,2715330000,1531.85,1.0009213,0.0003999
07/06/07 12:00 AM,1524.96,1532.4,1520.47,1530.44,2441520000,1530.44,1.0033041,0.0014326
07/05/07 12:00 AM,1524.86,1526.57,1517.72,1525.4,2622950000,1525.4,1.0003476,0.0001509
07/03/07 12:00 AM,1519.12,1526.01,1519.12,1524.87,1560790000,1524.87,1.0035803,0.0015521
07/02/07 12:00 AM,1504.66,1519.45,1504.66,1519.43,2644990000,1519.43,1.0106961,0.0046206
06/29/07 12:00 AM,1505.7,1517.53,1493.61,1503.35,3165410000,1503.35,0.9984326,-0.0006812
06/28/07 12:00 AM,1506.32,1514.84,1503.41,1505.71,3006710000,1505.71,0.9995818,-0.0001817
06/27/07 12:00 AM,1492.62,1506.8,1484.18,1506.34,3398150000,1506.34,1.0090094,0.0038952
06/26/07 12:00 AM,1497.68,1506.12,1490.54,1492.89,3398530000,1492.89,0.9967618,-0.0014086
06/25/07 12:00 AM,1502.56,1514.29,1492.68,1497.74,3287250000,1497.74,0.9967921,-0.0013954
06/22/07 12:00 AM,1522.19,1522.19,1500.74,1502.56,4284320000,1502.56,0.9871041,-0.0056370
06/21/07 12:00 AM,1512.5,1522.9,1504.75,1522.19,3161110000,1522.19,1.0061804,0.0026759
06/20/07 12:00 AM,1533.68,1537.32,1512.36,1512.84,3286900000,1512.84,0.9863989,-0.0059474
06/19/07 12:00 AM,1531.02,1535.85,1525.67,1533.7,2873590000,1533.7,1.0017308,0.0007510
06/18/07 12:00 AM,1532.9,1535.44,1529.31,1531.05,2480240000,1531.05,0.9987866,-0.0005273
06/15/07 12:00 AM,1522.97,1538.71,1522.97,1532.91,3406030000,1532.91,1.0065267,0.0028253
06/14/07 12:00 AM,1515.58,1526.45,1515.58,1522.97,2813630000,1522.97,1.0048164,0.0020867
06/13/07 12:00 AM,1492.65,1515.7,1492.65,1515.67,3077930000,1515.67,1.0151842,0.0065448
06/12/07 12:00 AM,1509.12,1511.33,1492.97,1493,3056200000,1493,0.9893183,-0.0046640
06/11/07 12:00 AM,1507.64,1515.53,1503.35,1509.12,2525280000,1509.12,1.0009617,0.0004175
06/08/07 12:00 AM,1490.71,1507.76,1487.41,1507.67,2993460000,1507.67,1.0113703,0.0049102
06/07/07 12:00 AM,1517.36,1517.36,1490.37,1490.72,3538470000,1490.72,0.9824302,-0.0076983
06/06/07 12:00 AM,1530.57,1530.57,1514.13,1517.38,2964190000,1517.38,0.9911362,-0.0038667
06/05/07 12:00 AM,1539.12,1539.12,1525.62,1530.95,2939450000,1530.95,0.9946530,-0.0023284
06/04/07 12:00 AM,1536.28,1540.53,1532.31,1539.18,2738930000,1539.18,1.0018485,0.0008021
06/01/07 12:00 AM,1530.62,1540.56,1530.62,1536.34,2927020000,1536.34,1.0037370,0.0016200
05/31/07 12:00 AM,1530.19,1535.56,1528.26,1530.62,3335530000,1530.62,1.0002549,0.0001107
05/30/07 12:00 AM,1517.6,1530.23,1510.06,1530.23,2980210000,1530.23,1.0079836,0.0034535
05/29/07 12:00 AM,1515.55,1521.8,1512.02,1518.11,2571790000,1518.11,1.0015702,0.0006814
05/25/07 12:00 AM,1507.5,1517.41,1507.5,1515.73,2316250000,1515.73,1.0054527,0.0023616
05/24/07 12:00 AM,1522.1,1529.31,1505.18,1507.51,3365530000,1507.51,0.9902974,-0.0042343
05/23/07 12:00 AM,1524.09,1532.43,1521.9,1522.28,3084260000,1522.28,0.9987927,-0.0005246
05/22/07 12:00 AM,1525.1,1529.24,1522.05,1524.12,2860500000,1524.12,0.9993574,-0.0002792
05/21/07 12:00 AM,1522.75,1529.87,1522.71,1525.1,3465360000,1525.1,1.0015433,0.0006697
05/18/07 12:00 AM,1512.74,1522.75,1512.74,1522.75,2959050000,1522.75,1.0066105,0.0028614
05/17/07 12:00 AM,1514.01,1517.14,1509.29,1512.75,2868640000,1512.75,0.9990820,-0.0003989
05/16/07 12:00 AM,1500.75,1514.15,1500.75,1514.14,2915350000,1514.14,1.0086265,0.0037304
05/15/07 12:00 AM,1503.11,1514.83,1500.43,1501.19,3071020000,1501.19,0.9986961,-0.0005667
05/14/07 12:00 AM,1505.76,1510.9,1498.34,1503.15,2776130000,1503.15,0.9982070,-0.0007794
05/11/07 12:00 AM,1491.47,1506.24,1491.47,1505.85,2720780000,1505.85,1.0096415,0.0041672
05/10/07 12:00 AM,1512.33,1512.33,1491.42,1491.47,3031240000,1491.47,0.9860437,-0.0061038
05/09/07 12:00 AM,1507.32,1513.8,1503.77,1512.58,2935550000,1512.58,1.0032234,0.0013977
05/08/07 12:00 AM,1509.36,1509.36,1500.66,1507.72,2795720000,1507.72,0.9988340,-0.0005067
05/07/07 12:00 AM,1505.57,1511,1505.54,1509.48,2545090000,1509.48,1.0025637,0.0011120
05/04/07 12:00 AM,1502.35,1510.34,1501.8,1505.62,2761930000,1505.62,1.0021499,0.0009327
05/03/07 12:00 AM,1495.56,1503.34,1495.56,1502.39,3007970000,1502.39,1.0043251,0.0018743
05/02/07 12:00 AM,1486.13,1499.1,1486.13,1495.92,3189800000,1495.92,1.0064724,0.0028019
05/01/07 12:00 AM,1482.37,1487.27,1476.7,1486.3,3400350000,1486.3,1.0026512,0.0011499
04/30/07 12:00 AM,1494.07,1497.16,1482.29,1482.37,3093420000,1482.37,0.9921690,-0.0034143
04/27/07 12:00 AM,1494.21,1497.32,1488.67,1494.07,2732810000,1494.07,0.9998795,-0.0000523
04/26/07 12:00 AM,1495.27,1498.02,1491.17,1494.25,3211800000,1494.25,0.9992176,-0.0003399
04/25/07 12:00 AM,1480.28,1496.59,1480.28,1495.42,3252590000,1495.42,1.0101391,0.0043812
04/24/07 12:00 AM,1480.93,1483.82,1473.74,1480.41,3119750000,1480.41,0.9996489,-0.0001525
04/23/07 12:00 AM,1484.33,1487.32,1480.19,1480.93,2575020000,1480.93,0.9976960,-0.0010018
04/20/07 12:00 AM,1470.69,1484.74,1470.69,1484.35,3329940000,1484.35,1.0092607,0.0040034
04/19/07 12:00 AM,1472.48,1474.23,1464.47,1470.73,2913610000,1470.73,0.9987980,-0.0005224
04/18/07 12:00 AM,1471.47,1476.57,1466.41,1472.5,2971330000,1472.5,1.0006932,0.0003009
04/17/07 12:00 AM,1468.47,1474.35,1467.15,1471.48,2920570000,1471.48,1.0021453,0.0009307
04/16/07 12:00 AM,1452.84,1468.62,1452.84,1468.33,2870140000,1468.33,1.0106549,0.0046029
04/13/07 12:00 AM,1447.8,1453.11,1444.15,1452.85,2690020000,1452.85,1.0034881,0.0015122
04/12/07 12:00 AM,1438.87,1448.02,1433.91,1447.8,2770570000,1447.8,1.0062063,0.0026870
04/11/07 12:00 AM,1448.23,1448.39,1436.15,1438.87,2950190000,1438.87,0.9934272,-0.0028640
04/10/07 12:00 AM,1444.58,1448.73,1443.99,1448.39,2510110000,1448.39,1.0026166,0.0011349
04/09/07 12:00 AM,1443.77,1448.1,1443.28,1444.61,2349410000,1444.61,1.0005887,0.0002556
04/05/07 12:00 AM,1438.94,1444.88,1436.67,1443.76,2357230000,1443.76,1.0030499,0.0013226
04/04/07 12:00 AM,1437.75,1440.16,1435.08,1439.37,2616320000,1439.37,1.0011128,0.0004830
04/03/07 12:00 AM,1424.27,1440.57,1424.27,1437.77,2921760000,1437.77,1.0092801,0.0040117
04/02/07 12:00 AM,1420.83,1425.49,1416.37,1424.55,2875880000,1424.55,1.0025970,0.0011264
03/30/07 12:00 AM,1422.52,1429.22,1408.9,1420.86,2903960000,1420.86,0.9988260,-0.0005101
03/29/07 12:00 AM,1417.17,1426.24,1413.27,1422.53,2854710000,1422.53,1.0037397,0.0016211
03/28/07 12:00 AM,1428.35,1428.35,1414.07,1417.23,3000440000,1417.23,0.9920342,-0.0034733
03/27/07 12:00 AM,1437.49,1437.49,1425.54,1428.61,2673040000,1428.61,0.9938157,-0.0026942
03/26/07 12:00 AM,1436.11,1437.65,1423.28,1437.5,2754660000,1437.5,1.0009679,0.0004201
03/23/07 12:00 AM,1434.54,1438.89,1433.21,1436.11,2619020000,1436.11,1.0010944,0.0004750
03/22/07 12:00 AM,1435.04,1437.66,1429.88,1434.54,3129970000,1434.54,0.9996516,-0.0001513
03/21/07 12:00 AM,1410.92,1437.77,1409.75,1435.04,3184770000,1435.04,1.0170808,0.0073555
03/20/07 12:00 AM,1402.04,1411.53,1400.7,1410.94,2795940000,1410.94,1.0063335,0.0027419
03/19/07 12:00 AM,1386.95,1403.2,1386.95,1402.06,2777180000,1402.06,1.0108944,0.0047058
03/16/07 12:00 AM,1392.28,1397.51,1383.63,1386.95,3393640000,1386.95,0.9961717,-0.0016658
03/15/07 12:00 AM,1387.11,1395.73,1385.16,1392.28,2821900000,1392.28,1.0036838,0.0015969
03/14/07 12:00 AM,1377.86,1388.09,1363.98,1387.17,3758350000,1387.17,1.0066911,0.0028962
03/13/07 12:00 AM,1406.23,1406.23,1377.71,1377.95,3485570000,1377.95,0.9796317,-0.0089372
03/12/07 12:00 AM,1402.8,1409.34,1398.4,1406.6,2664000000,1406.6,1.0026803,0.0011625
03/09/07 12:00 AM,1401.89,1410.15,1397.3,1402.84,2623050000,1402.84,1.0006777,0.0002942
03/08/07 12:00 AM,1391.88,1407.93,1391.88,1401.89,3014850000,1401.89,1.0071266,0.0030841
03/07/07 12:00 AM,1395.02,1401.16,1390.64,1391.97,3141350000,1391.97,0.9975348,-0.0010720
03/06/07 12:00 AM,1374.06,1397.9,1374.06,1395.41,3358160000,1395.41,1.0154936,0.0066772
03/05/07 12:00 AM,1387.11,1391.86,1373.97,1374.12,3480520000,1374.12,0.9905924,-0.0041050
03/02/07 12:00 AM,1403.16,1403.4,1386.87,1387.17,3312260000,1387.17,0.9885972,-0.0049806
03/01/07 12:00 AM,1406.8,1409.46,1380.87,1403.17,3874910000,1403.17,0.9974055,-0.0011282
02/28/07 12:00 AM,1398.64,1415.89,1396.65,1406.82,3925250000,1406.82,1.0055610,0.0024084
02/27/07 12:00 AM,1449.25,1449.25,1389.42,1399.04,4065230000,1399.04,0.9652746,-0.0153491
02/26/07 12:00 AM,1451.04,1456.95,1445.48,1449.37,2822170000,1449.37,0.9987459,-0.0005450
02/23/07 12:00 AM,1456.22,1456.22,1448.36,1451.19,2579950000,1451.19,0.9964364,-0.0015504
02/22/07 12:00 AM,1457.29,1461.57,1450.51,1456.38,1950770000,1456.38,0.9991424,-0.0003726
02/21/07 12:00 AM,1459.6,1459.6,1452.02,1457.63,2606980000,1457.63,0.9985956,-0.0006104
02/20/07 12:00 AM,1455.53,1460.53,1449.2,1459.68,2337860000,1459.68,1.0028443,0.0012335
02/16/07 12:00 AM,1456.77,1456.77,1451.57,1455.54,2399450000,1455.54,0.9991282,-0.0003788
02/15/07 12:00 AM,1455.15,1457.97,1453.19,1456.81,2490920000,1456.81,1.0010376,0.0004504
02/14/07 12:00 AM,1443.91,1457.65,1443.91,1455.3,2699290000,1455.3,1.0076441,0.0033071
02/13/07 12:00 AM,1433.22,1444.41,1433.22,1444.26,2652150000,1444.26,1.0075975,0.0032871
02/12/07 12:00 AM,1438,1439.11,1431.44,1433.37,2395680000,1433.37,0.9967387,-0.0014187
02/09/07 12:00 AM,1448.25,1452.45,1433.44,1438.06,2951810000,1438.06,0.9929228,-0.0030845
02/08/07 12:00 AM,1449.99,1450.45,1442.81,1448.31,2816180000,1448.31,0.9988207,-0.0005125
02/07/07 12:00 AM,1447.41,1452.99,1446.44,1450.02,2618820000,1450.02,1.0013950,0.0006054
02/06/07 12:00 AM,1446.98,1450.19,1443.4,1448,2608710000,1448,1.0006980,0.0003030
02/05/07 12:00 AM,1448.33,1449.38,1443.85,1446.99,2439430000,1446.99,0.9990334,-0.0004200
02/02/07 12:00 AM,1445.94,1449.33,1444.49,1448.39,2569450000,1448.39,1.0016944,0.0007352
02/01/07 12:00 AM,1437.9,1446.64,1437.9,1445.94,2914890000,1445.94,1.0053538,0.0023189
01/31/07 12:00 AM,1428.65,1441.61,1424.78,1438.24,2976690000,1438.24,1.0065929,0.0028538
01/30/07 12:00 AM,1420.61,1428.82,1420.61,1428.82,2706250000,1428.82,1.0057721,0.0024996
01/29/07 12:00 AM,1422.03,1426.94,1418.46,1420.62,2730480000,1420.62,0.9989031,-0.0004766
01/26/07 12:00 AM,1423.9,1427.27,1416.96,1422.18,2626620000,1422.18,0.9987921,-0.0005249
01/25/07 12:00 AM,1440.12,1440.69,1422.34,1423.9,2994330000,1423.9,0.9887302,-0.0049222
01/24/07 12:00 AM,1427.96,1440.14,1427.96,1440.13,2783180000,1440.13,1.0085015,0.0036765
01/23/07 12:00 AM,1422.95,1431.33,1421.66,1427.99,2975070000,1427.99,1.0035419,0.0015355
01/22/07 12:00 AM,1430.47,1431.39,1420.4,1422.95,2540120000,1422.95,0.9947221,-0.0022982
01/19/07 12:00 AM,1426.35,1431.57,1425.19,1430.5,2777480000,1430.5,1.0028955,0.0012557
01/18/07 12:00 AM,1430.59,1432.96,1424.21,1426.37,2822430000,1426.37,0.9970293,-0.0012921
01/17/07 12:00 AM,1431.77,1435.27,1428.57,1430.62,2690270000,1430.62,0.9991061,-0.0003884
01/16/07 12:00 AM,1430.73,1433.93,1428.62,1431.9,2599530000,1431.9,1.0008178,0.0003550
01/12/07 12:00 AM,1423.82,1431.23,1422.58,1430.73,2686480000,1430.73,1.0048531,0.0021026
01/11/07 12:00 AM,1414.84,1427.12,1414.84,1423.82,2857870000,1423.82,1.0063399,0.0027447
01/10/07 12:00 AM,1408.7,1415.99,1405.32,1414.85,2764660000,1414.85,1.0019404,0.0008419
01/09/07 12:00 AM,1412.84,1415.61,1405.42,1412.11,3038380000,1412.11,0.9994833,-0.0002245
01/08/07 12:00 AM,1409.26,1414.98,1403.97,1412.84,2763340000,1412.84,1.0022203,0.0009632
01/05/07 12:00 AM,1418.34,1418.34,1405.75,1409.71,2919400000,1409.71,0.9939154,-0.0026506
01/04/07 12:00 AM,1416.6,1421.84,1408.43,1418.34,3004460000,1418.34,1.0012283,0.0005331
01/03/07 12:00 AM,1418.03,1429.42,1407.86,1416.6,3429160000,1416.6,0.9988014,-0.0005209
12/29/06 12:00 AM,1424.71,1427,1416.84,1418.3,1678200000,1418.3,0.9954869,-0.0019645
12/28/06 12:00 AM,1426.77,1427.26,1422.05,1424.73,1508570000,1424.73,0.9985212,-0.0006427
12/27/06 12:00 AM,1416.63,1427.72,1416.63,1426.84,1667370000,1426.84,1.0070153,0.0030361
12/26/06 12:00 AM,1410.75,1417.91,1410.45,1416.9,1310310000,1416.9,1.0043523,0.0018861
12/22/06 12:00 AM,1418.1,1418.82,1410.28,1410.76,1647590000,1410.76,0.9946838,-0.0023150
12/21/06 12:00 AM,1423.2,1426.4,1415.9,1418.3,2322410000,1418.3,0.9963260,-0.0015985
12/20/06 12:00 AM,1425.51,1429.05,1423.51,1423.53,2387630000,1423.53,0.9985830,-0.0006158
12/19/06 12:00 AM,1422.42,1428.3,1414.88,1425.55,2717060000,1425.55,1.0021582,0.0009363
12/18/06 12:00 AM,1427.08,1431.81,1420.65,1422.48,2568140000,1422.48,0.9967697,-0.0014052
12/15/06 12:00 AM,1425.48,1431.63,1425.48,1427.09,3229580000,1427.09,1.0011224,0.0004872
12/14/06 12:00 AM,1413.16,1427.23,1413.16,1425.49,2729700000,1425.49,1.0086894,0.0037575
12/13/06 12:00 AM,1411.32,1416.64,1411.05,1413.21,2552260000,1413.21,1.0011689,0.0005074
12/12/06 12:00 AM,1413,1413.78,1404.75,1411.56,2738170000,1411.56,0.9989526,-0.0004551
12/11/06 12:00 AM,1409.81,1415.6,1408.56,1413.04,2289900000,1413.04,1.0022698,0.0009846
12/08/06 12:00 AM,1407.27,1414.09,1403.67,1409.84,2440460000,1409.84,1.0018120,0.0007862
12/07/06 12:00 AM,1412.86,1418.27,1406.8,1407.29,2743150000,1407.29,0.9960294,-0.0017278
12/06/06 12:00 AM,1414.4,1415.93,1411.05,1412.9,2725280000,1412.9,0.9986853,-0.0005713
12/05/06 12:00 AM,1409.1,1415.27,1408.78,1414.76,2755700000,1414.76,1.0040025,0.0017348
12/04/06 12:00 AM,1396.67,1411.23,1396.67,1409.12,2766320000,1409.12,1.0088852,0.0038417
12/01/06 12:00 AM,1400.63,1402.46,1385.93,1396.71,2800980000,1396.71,0.9972013,-0.0012172
11/30/06 12:00 AM,1399.47,1406.3,1393.83,1400.63,4006230000,1400.63,1.0008217,0.0003567
11/29/06 12:00 AM,1386.11,1401.14,1386.11,1399.48,2790970000,1399.48,1.0092016,0.0039779
11/28/06 12:00 AM,1381.61,1387.91,1377.83,1386.72,2639750000,1386.72,1.0034444,0.0014933
11/27/06 12:00 AM,1400.95,1400.95,1381.44,1381.96,2711210000,1381.96,0.9864449,-0.0059272
11/24/06 12:00 AM,1405.94,1405.94,1399.25,1400.95,832550000,1400.95,0.9963445,-0.0015905
11/22/06 12:00 AM,1402.69,1407.89,1402.26,1406.09,2237710000,1406.09,1.0023382,0.0010143
11/21/06 12:00 AM,1400.43,1403.49,1399.99,1402.81,2597940000,1402.81,1.0016494,0.0007157
11/20/06 12:00 AM,1401.17,1404.37,1397.85,1400.5,2546710000,1400.5,0.9995004,-0.0002170
11/17/06 12:00 AM,1399.76,1401.21,1394.55,1401.2,2726100000,1401.2,1.0010287,0.0004465
11/16/06 12:00 AM,1396.53,1403.76,1396.53,1399.76,2835730000,1399.76,1.0022842,0.0009909
11/15/06 12:00 AM,1392.91,1401.35,1392.13,1396.57,2831130000,1396.57,1.0024045,0.0010430
11/14/06 12:00 AM,1384.36,1394.49,1379.07,1393.22,3027480000,1393.22,1.0063565,0.0027518
11/13/06 12:00 AM,1380.58,1387.61,1378.8,1384.42,2386340000,1384.42,1.0025491,0.0011056
11/10/06 12:00 AM,1378.33,1381.04,1375.6,1380.9,2290200000,1380.9,1.0018646,0.0008090
11/09/06 12:00 AM,1385.43,1388.92,1377.31,1378.33,3012050000,1378.33,0.9946670,-0.0023223
11/08/06 12:00 AM,1382.5,1388.61,1379.33,1385.72,2814820000,1385.72,1.0020827,0.0009036
11/07/06 12:00 AM,1379.75,1388.19,1379.19,1382.84,2636390000,1382.84,1.0022177,0.0009621
11/06/06 12:00 AM,1364.27,1381.4,1364.27,1379.78,2533550000,1379.78,1.0113465,0.0049000
11/03/06 12:00 AM,1367.31,1371.68,1360.98,1364.3,2419730000,1364.3,0.9977767,-0.0009666
11/02/06 12:00 AM,1367.44,1368.39,1362.21,1367.34,2646180000,1367.34,0.9996564,-0.0001493
11/01/06 12:00 AM,1377.76,1381.95,1366.26,1367.81,2821160000,1367.81,0.9926484,-0.0032045
10/31/06 12:00 AM,1377.93,1381.21,1372.19,1377.94,2803030000,1377.94,1.0000073,0.0000032
10/30/06 12:00 AM,1377.3,1381.22,1373.46,1377.93,2770440000,1377.93,1.0004284,0.0001860
10/27/06 12:00 AM,1388.89,1388.89,1375.85,1377.34,2458450000,1377.34,0.9915484,-0.0036861
10/26/06 12:00 AM,1382.21,1389.45,1379.47,1389.08,2793350000,1389.08,1.0049630,0.0021501
10/25/06 12:00 AM,1377.36,1383.61,1376,1382.22,2953540000,1382.22,1.0035139,0.0015234
10/24/06 12:00 AM,1377.02,1377.78,1372.42,1377.38,2876890000,1377.38,1.0002614,0.0001135
10/23/06 12:00 AM,1368.58,1377.4,1363.94,1377.02,2480430000,1377.02,1.0061523,0.0026637
10/20/06 12:00 AM,1366.94,1368.66,1362.1,1368.6,2526410000,1368.6,1.0011997,0.0005207
10/19/06 12:00 AM,1365.95,1368.09,1362.06,1366.96,2619830000,1366.96,1.0008493,0.0003687
10/18/06 12:00 AM,1363.93,1372.87,1360.95,1365.8,2658840000,1365.8,1.0012829,0.0005568
10/17/06 12:00 AM,1369.05,1369.05,1356.87,1364.05,2519620000,1364.05,0.9963406,-0.0015922
10/16/06 12:00 AM,1365.61,1370.2,1364.48,1369.06,2305920000,1369.06,1.0025190,0.0010926
10/13/06 12:00 AM,1362.82,1366.63,1360.5,1365.62,2482920000,1365.62,1.0020472,0.0008882
10/12/06 12:00 AM,1349.94,1363.76,1349.94,1362.83,2514350000,1362.83,1.0095411,0.0041240
10/11/06 12:00 AM,1353.28,1353.97,1343.57,1349.95,2521000000,1349.95,0.9974361,-0.0011149
10/10/06 12:00 AM,1350.62,1354.23,1348.6,1353.42,2376140000,1353.42,1.0020434,0.0008866
10/09/06 12:00 AM,1349.58,1352.69,1346.55,1350.66,1935170000,1350.66,1.0007928,0.0003442
10/06/06 12:00 AM,1353.22,1353.22,1344.21,1349.59,2523000000,1349.59,0.9973175,-0.0011666
10/05/06 12:00 AM,1349.84,1353.79,1347.75,1353.22,2817240000,1353.22,1.0022367,0.0009703
10/04/06 12:00 AM,1333.81,1350.2,1331.48,1350.2,3019880000,1350.2,1.0120605,0.0052065
10/03/06 12:00 AM,1331.32,1338.31,1327.1,1334.11,2682690000,1334.11,1.0020957,0.0009092
10/02/06 12:00 AM,1335.82,1338.54,1330.28,1331.32,2154480000,1331.32,0.9966089,-0.0014752
09/29/06 12:00 AM,1339.15,1339.88,1335.64,1335.85,2273430000,1335.85,0.9977369,-0.0009840
09/28/06 12:00 AM,1336.56,1340.28,1333.75,1338.88,2397820000,1338.88,1.0017133,0.0007434
09/27/06 12:00 AM,1336.12,1340.08,1333.54,1336.59,2749190000,1336.59,1.0001796,0.0000780
09/26/06 12:00 AM,1326.35,1336.6,1325.3,1336.35,2673350000,1336.35,1.0075243,0.0032555
09/25/06 12:00 AM,1314.78,1329.35,1311.58,1326.37,2710240000,1326.37,1.0088152,0.0038116
09/22/06 12:00 AM,1318.03,1318.03,1310.94,1314.78,2162880000,1314.78,0.9975342,-0.0010722
09/21/06 12:00 AM,1324.89,1328.19,1315.45,1318.03,2627440000,1318.03,0.9946045,-0.0023496
09/20/06 12:00 AM,1318.28,1328.53,1318.28,1325.18,2543070000,1325.18,1.0057224,0.0024781
09/19/06 12:00 AM,1321.17,1322.04,1312.17,1317.64,2390850000,1317.64,0.9973206,-0.0011652
09/18/06 12:00 AM,1319.85,1324.87,1318.16,1321.18,2325080000,1321.18,1.0011518,0.0004999
09/15/06 12:00 AM,1316.28,1324.65,1316.28,1319.66,3198030000,1319.66,1.0025678,0.0011138
09/14/06 12:00 AM,1318,1318,1313.25,1316.28,2351220000,1316.28,0.9986420,-0.0005902
09/13/06 12:00 AM,1312.74,1319.92,1311.12,1318.07,2597220000,1318.07,1.0038614,0.0016737
09/12/06 12:00 AM,1299.53,1314.28,1299.53,1313,2791580000,1313,1.0103575,0.0044751
09/11/06 12:00 AM,1298.86,1302.36,1290.93,1299.54,2506430000,1299.54,1.0004773,0.0002072
09/08/06 12:00 AM,1294.02,1300.14,1294.02,1298.92,2132890000,1298.92,1.0037866,0.0016414
09/07/06 12:00 AM,1300.21,1301.25,1292.13,1294.02,2325850000,1294.02,0.9952010,-0.0020892
09/06/06 12:00 AM,1313.04,1313.04,1299.28,1300.26,2329870000,1300.26,0.9901085,-0.0043172
09/05/06 12:00 AM,1310.94,1314.67,1308.82,1313.25,2114480000,1313.25,1.0017086,0.0007414
09/01/06 12:00 AM,1303.8,1312.03,1303.8,1311.01,1800520000,1311.01,1.0055146,0.0023884
08/31/06 12:00 AM,1304.25,1306.11,1302.45,1303.82,1974540000,1303.82,0.9988126,-0.0005160
08/30/06 12:00 AM,1303.7,1306.74,1302.15,1305.37,2060690000,1305.37,1.0008357,0.0003628
08/29/06 12:00 AM,1301.57,1305.02,1295.29,1304.28,2093720000,1304.28,1.0019204,0.0008332
08/28/06 12:00 AM,1295.09,1305.02,1293.97,1301.78,1834920000,1301.78,1.0051657,0.0022376
08/25/06 12:00 AM,1295.92,1298.88,1292.39,1295.09,1667580000,1295.09,0.9992516,-0.0003252
08/24/06 12:00 AM,1292.97,1297.23,1291.4,1296.06,1930320000,1296.06,1.0023743,0.0010299
08/23/06 12:00 AM,1298.73,1301.5,1289.82,1292.99,1893670000,1292.99,0.9955113,-0.0019538
08/22/06 12:00 AM,1297.52,1302.49,1294.44,1298.82,1908740000,1298.82,1.0010019,0.0004349
08/21/06 12:00 AM,1302.3,1302.3,1295.51,1297.52,1759240000,1297.52,0.9963296,-0.0015970
08/18/06 12:00 AM,1297.48,1302.3,1293.57,1302.3,2033910000,1302.3,1.0037149,0.0016104
08/17/06 12:00 AM,1295.37,1300.78,1292.71,1297.48,2458340000,1297.48,1.0015825,0.0006867
08/16/06 12:00 AM,1285.27,1296.21,1285.27,1295.43,2554570000,1295.43,1.0076619,0.0033148
08/15/06 12:00 AM,1268.19,1286.23,1268.19,1285.58,2334100000,1285.58,1.0136965,0.0059079
08/14/06 12:00 AM,1266.67,1278.9,1266.67,1268.21,2118020000,1268.21,1.0011605,0.0005037
08/11/06 12:00 AM,1271.64,1271.64,1262.08,1266.74,2004540000,1266.74,0.9960136,-0.0017348
08/10/06 12:00 AM,1265.72,1272.55,1261.3,1271.81,2402190000,1271.81,1.0046289,0.0020057
08/09/06 12:00 AM,1271.13,1283.74,1264.73,1265.95,2555180000,1265.95,0.9956507,-0.0018930
08/08/06 12:00 AM,1275.67,1282.75,1268.37,1271.48,2457840000,1271.48,0.9966373,-0.0014629
08/07/06 12:00 AM,1279.31,1279.31,1273,1275.77,2045660000,1275.77,0.9971939,-0.0012204
08/04/06 12:00 AM,1280.26,1292.92,1273.82,1279.36,2530970000,1279.36,0.9992892,-0.0003088
08/03/06 12:00 AM,1278.22,1283.96,1271.25,1280.27,2728440000,1280.27,1.0022389,0.0009713
08/02/06 12:00 AM,1270.73,1283.42,1270.73,1277.41,2610750000,1277.41,1.0051065,0.0022121
08/01/06 12:00 AM,1278.53,1278.66,1265.71,1270.92,2527690000,1270.92,0.9955039,-0.0019570
07/31/06 12:00 AM,1278.53,1278.66,1274.31,1276.66,2461300000,1276.66,0.9985218,-0.0006425
07/28/06 12:00 AM,1263.15,1280.42,1263.15,1278.55,2480420000,1278.55,1.0121517,0.0052456
07/27/06 12:00 AM,1268.2,1275.85,1261.92,1263.2,2776710000,1263.2,0.9959003,-0.0017841
07/26/06 12:00 AM,1268.87,1273.89,1261.94,1268.4,2667710000,1268.4,0.9996217,-0.0001643
07/25/06 12:00 AM,1260.91,1272.39,1257.19,1268.88,2563930000,1268.88,1.0063208,0.0027365
07/24/06 12:00 AM,1240.25,1262.5,1240.25,1260.91,2312720000,1260.91,1.0166251,0.0071608
07/21/06 12:00 AM,1249.12,1250.96,1238.72,1240.29,2704090000,1240.29,0.9929231,-0.0030844
07/20/06 12:00 AM,1259.81,1262.56,1249.13,1249.13,2345580000,1249.13,0.9915225,-0.0036974
07/19/06 12:00 AM,1236.74,1261.81,1236.74,1259.81,2701980000,1259.81,1.0185551,0.0079845
07/18/06 12:00 AM,1234.48,1239.86,1224.54,1236.86,2481750000,1236.86,1.0019198,0.0008330
07/17/06 12:00 AM,1236.2,1240.07,1231.49,1234.49,2146410000,1234.49,0.9986167,-0.0006012
07/14/06 12:00 AM,1242.29,1242.7,1228.45,1236.2,2467120000,1236.2,0.9951058,-0.0021308
07/13/06 12:00 AM,1258.58,1258.58,1241.43,1242.28,2545760000,1242.28,0.9870332,-0.0056682
07/12/06 12:00 AM,1272.39,1273.31,1257.29,1258.6,2250450000,1258.6,0.9891310,-0.0047462
07/11/06 12:00 AM,1267.26,1273.64,1259.65,1272.43,2310850000,1272.43,1.0040163,0.0017408
07/10/06 12:00 AM,1265.46,1274.06,1264.46,1267.34,1854590000,1267.34,1.0014698,0.0006379
07/07/06 12:00 AM,1274.08,1275.38,1263.13,1265.48,1988150000,1265.48,0.9932500,-0.0029414
07/06/06 12:00 AM,1270.58,1278.32,1270.58,1274.08,2009160000,1274.08,1.0024943,0.0010819
07/05/06 12:00 AM,1280.05,1280.05,1265.91,1270.91,2165070000,1270.91,0.9927511,-0.0031596
07/03/06 12:00 AM,1270.06,1280.38,1270.06,1280.19,1114470000,1280.19,1.0078649,0.0034023
06/30/06 12:00 AM,1272.86,1276.3,1270.2,1270.2,3049560000,1270.2,0.9979024,-0.0009119
06/29/06 12:00 AM,1245.94,1272.88,1245.94,1272.87,2621250000,1272.87,1.0215650,0.0092660
06/28/06 12:00 AM,1238.99,1247.06,1237.59,1246,2085490000,1246,1.0054874,0.0023766
06/27/06 12:00 AM,1250.55,1253.37,1238.94,1239.2,2203130000,1239.2,0.9909161,-0.0039631
06/26/06 12:00 AM,1244.5,1250.92,1243.68,1250.56,1878580000,1250.56,1.0048694,0.0021096
06/23/06 12:00 AM,1245.59,1253.13,1241.43,1244.5,2017270000,1244.5,0.9991169,-0.0003837
06/22/06 12:00 AM,1251.92,1251.92,1241.53,1245.6,2148180000,1245.6,0.9947293,-0.0022951
06/21/06 12:00 AM,1240.09,1257.96,1240.09,1252.2,2361230000,1252.2,1.0097410,0.0042100
06/20/06 12:00 AM,1240.12,1249.01,1238.87,1240.12,2232950000,1240.12,0.9999919,-0.0000035
06/19/06 12:00 AM,1251.54,1255.93,1237.17,1240.13,2517200000,1240.13,0.9908832,-0.0039775
06/16/06 12:00 AM,1256.16,1256.27,1246.33,1251.54,2783390000,1251.54,0.9963221,-0.0016002
06/15/06 12:00 AM,1230.01,1258.64,1230.01,1256.16,2775480000,1256.16,1.0212351,0.0091257
06/14/06 12:00 AM,1223.66,1231.46,1219.29,1230.04,2667990000,1230.04,1.0051892,0.0022478
06/13/06 12:00 AM,1236.08,1243.37,1222.52,1223.69,3215770000,1223.69,0.9888884,-0.0048527
06/12/06 12:00 AM,1252.27,1255.22,1236.43,1237.44,2247010000,1237.44,0.9881338,-0.0051842
06/09/06 12:00 AM,1257.93,1262.58,1250.03,1252.3,2214000000,1252.3,0.9955244,-0.0019481
06/08/06 12:00 AM,1256.08,1259.85,1235.18,1257.93,3543790000,1257.93,1.0014170,0.0006150
06/07/06 12:00 AM,1263.61,1272.47,1255.77,1256.15,2644170000,1256.15,0.9939075,-0.0026540
06/06/06 12:00 AM,1265.23,1269.88,1254.46,1263.85,2697650000,1263.85,0.9988619,-0.0004945
06/05/06 12:00 AM,1288.16,1288.16,1264.66,1265.29,2313470000,1265.29,0.9822002,-0.0078000
06/02/06 12:00 AM,1285.71,1290.68,1280.22,1288.22,2295540000,1288.22,1.0019522,0.0008470
06/01/06 12:00 AM,1270.05,1285.71,1269.19,1285.71,2360160000,1285.71,1.0122983,0.0053085
05/31/06 12:00 AM,1259.38,1270.09,1259.38,1270.09,2692160000,1270.09,1.0081119,0.0035088
05/30/06 12:00 AM,1280.04,1280.04,1259.87,1259.87,2176190000,1259.87,0.9841504,-0.0069385
05/26/06 12:00 AM,1272.71,1280.54,1272.5,1280.16,1814020000,1280.16,1.0057193,0.0024768
05/25/06 12:00 AM,1258.41,1273.26,1258.41,1272.88,2372730000,1272.88,1.0113700,0.0049101
05/24/06 12:00 AM,1256.56,1264.53,1245.34,1258.57,2999030000,1258.57,1.0015837,0.0006872
05/23/06 12:00 AM,1262.06,1273.67,1256.15,1256.58,2605250000,1256.58,0.9956500,-0.0018933
05/22/06 12:00 AM,1267.03,1268.77,1252.98,1262.07,2773010000,1262.07,0.9960853,-0.0017035
05/19/06 12:00 AM,1261.81,1272.15,1256.28,1267.03,2982300000,1267.03,1.0041369,0.0017929
05/18/06 12:00 AM,1270.25,1274.89,1261.75,1261.81,2537490000,1261.81,0.9933009,-0.0029192
05/17/06 12:00 AM,1291.73,1291.73,1267.31,1270.32,2830200000,1270.32,0.9831589,-0.0073763
05/16/06 12:00 AM,1294.5,1297.88,1288.51,1292.08,2386210000,1292.08,0.9981306,-0.0008127
05/15/06 12:00 AM,1291.19,1294.81,1284.51,1294.5,2505660000,1294.5,1.0025247,0.0010951
05/12/06 12:00 AM,1305.88,1305.88,1290.38,1291.24,2567970000,1291.24,0.9887589,-0.0049096
05/11/06 12:00 AM,1322.63,1322.63,1303.45,1305.92,2531520000,1305.92,0.9872019,-0.0055940
05/10/06 12:00 AM,1324.57,1325.51,1317.44,1322.85,2268550000,1322.85,0.9982719,-0.0007512
05/09/06 12:00 AM,1324.66,1326.6,1322.48,1325.14,2157290000,1325.14,1.0003624,0.0001573
05/08/06 12:00 AM,1325.76,1326.7,1322.87,1324.66,2151300000,1324.66,0.9991703,-0.0003605
05/05/06 12:00 AM,1312.25,1326.53,1312.25,1325.76,2294760000,1325.76,1.0102953,0.0044483
05/04/06 12:00 AM,1307.85,1315.14,1307.85,1312.25,2431450000,1312.25,1.0031572,0.0013690
05/03/06 12:00 AM,1313.21,1313.47,1303.92,1308.12,2395230000,1308.12,0.9961240,-0.0016866
05/02/06 12:00 AM,1305.19,1313.66,1305.19,1313.21,2403470000,1313.21,1.0061447,0.0026604
05/01/06 12:00 AM,1310.61,1317.21,1303.46,1305.19,2437040000,1305.19,0.9958645,-0.0017997
04/28/06 12:00 AM,1309.72,1316.04,1306.16,1310.61,2419920000,1310.61,1.0006795,0.0002950
04/27/06 12:00 AM,1305.41,1315,1295.57,1309.72,2772010000,1309.72,1.0033016,0.0014315
04/26/06 12:00 AM,1301.74,1310.97,1301.74,1305.41,2502690000,1305.41,1.0028193,0.0012227
04/25/06 12:00 AM,1308.11,1310.79,1299.17,1301.74,2366380000,1301.74,0.9951304,-0.0021200
04/24/06 12:00 AM,1311.28,1311.28,1303.79,1308.11,2117330000,1308.11,0.9975825,-0.0010512
04/21/06 12:00 AM,1311.46,1317.67,1306.59,1311.28,2392630000,1311.28,0.9998627,-0.0000596
04/20/06 12:00 AM,1309.93,1318.16,1306.38,1311.46,2512920000,1311.46,1.0011680,0.0005070
04/19/06 12:00 AM,1307.65,1310.39,1302.79,1309.93,2447310000,1309.93,1.0020271,0.0008795
04/18/06 12:00 AM,1285.33,1309.02,1285.33,1307.28,2595440000,1307.28,1.0170773,0.0073540
04/17/06 12:00 AM,1289.12,1292.45,1280.74,1285.33,1794650000,1285.33,0.9970600,-0.0012787
04/13/06 12:00 AM,1288.12,1292.09,1283.37,1289.12,1891940000,1289.12,1.0007763,0.0003370
04/12/06 12:00 AM,1286.57,1290.93,1286.45,1288.12,1938100000,1288.12,1.0012048,0.0005229
04/11/06 12:00 AM,1296.6,1300.71,1282.96,1286.57,2232880000,1286.57,0.9922491,-0.0033793
04/10/06 12:00 AM,1295.51,1300.74,1293.17,1296.62,1898320000,1296.62,1.0008645,0.0003753
04/07/06 12:00 AM,1309.04,1314.07,1294.18,1295.5,2082470000,1295.5,0.9896565,-0.0045155
04/06/06 12:00 AM,1311.56,1311.99,1302.44,1309.04,2281680000,1309.04,0.9980786,-0.0008352
04/05/06 12:00 AM,1305.93,1312.81,1304.82,1311.56,2420020000,1311.56,1.0043111,0.0018683
04/04/06 12:00 AM,1297.81,1307.55,1294.71,1305.93,2147660000,1305.93,1.0062567,0.0027088
04/03/06 12:00 AM,1302.88,1309.19,1296.65,1297.81,2494080000,1297.81,1.0022705,0.0009849
03/31/06 12:00 AM,1300.25,1303,1294.87,1294.87,2236710000,1294.87,0.9958623,-0.0018007
03/30/06 12:00 AM,1302.89,1310.15,1296.72,1300.25,2294560000,1300.25,0.9979737,-0.0008809
03/29/06 12:00 AM,1293.23,1305.6,1293.23,1302.89,2143540000,1302.89,1.0074697,0.0032320
03/28/06 12:00 AM,1301.61,1306.24,1291.84,1293.23,2148580000,1293.23,0.9935618,-0.0028051
03/27/06 12:00 AM,1302.95,1303.74,1299.09,1301.61,2029700000,1301.61,0.9989716,-0.0004469
03/24/06 12:00 AM,1301.67,1306.53,1298.89,1302.95,2326070000,1302.95,1.0009834,0.0004269
03/23/06 12:00 AM,1305.04,1305.04,1298.11,1301.67,1980940000,1301.67,0.9974177,-0.0011229
03/22/06 12:00 AM,1297.23,1305.97,1295.81,1305.04,2039810000,1305.04,1.0060205,0.0026068
03/21/06 12:00 AM,1305.08,1310.88,1295.82,1297.23,2147370000,1297.23,0.9939850,-0.0026202
03/20/06 12:00 AM,1307.25,1310,1303.59,1305.08,1976830000,1305.08,0.9983400,-0.0007215
03/17/06 12:00 AM,1305.33,1309.79,1305.32,1307.25,2549620000,1307.25,1.0014709,0.0006383
03/16/06 12:00 AM,1303.02,1310.45,1303.02,1305.33,2292180000,1305.33,1.0017728,0.0007692
03/15/06 12:00 AM,1297.48,1304.4,1294.97,1303.02,2293000000,1303.02,1.0042698,0.0018504
03/14/06 12:00 AM,1284.13,1298.14,1282.67,1297.48,2165270000,1297.48,1.0103961,0.0044917
03/13/06 12:00 AM,1281.58,1287.37,1281.58,1284.13,2070330000,1284.13,1.0021148,0.0009175
03/10/06 12:00 AM,1272.23,1284.37,1271.11,1281.42,2123450000,1281.42,1.0072235,0.0031259
03/09/06 12:00 AM,1278.47,1282.74,1272.23,1272.23,2140110000,1272.23,0.9951192,-0.0021249
03/08/06 12:00 AM,1275.88,1280.33,1268.42,1278.47,2442870000,1278.47,1.0020300,0.0008807
03/07/06 12:00 AM,1278.26,1278.26,1271.11,1275.88,2268050000,1275.88,0.9981381,-0.0008094
03/06/06 12:00 AM,1287.23,1288.23,1275.67,1278.26,2280190000,1278.26,0.9930315,-0.0030370
03/03/06 12:00 AM,1289.14,1297.33,1284.2,1287.23,2152950000,1287.23,0.9985184,-0.0006439
03/02/06 12:00 AM,1291.24,1291.24,1283.21,1289.14,2494590000,1289.14,0.9983737,-0.0007069
03/01/06 12:00 AM,1280.66,1291.8,1280.66,1291.24,2308320000,1291.24,1.0082614,0.0035731
02/28/06 12:00 AM,1294.12,1294.12,1278.66,1280.66,2370860000,1280.66,0.9895991,-0.0045407
02/27/06 12:00 AM,1289.43,1297.57,1289.43,1294.12,1975320000,1294.12,1.0036373,0.0015768
02/24/06 12:00 AM,1287.79,1292.11,1285.62,1289.43,1933010000,1289.43,1.0012735,0.0005527
02/23/06 12:00 AM,1292.67,1293.84,1285.14,1287.79,2144210000,1287.79,0.9962249,-0.0016426
02/22/06 12:00 AM,1283.03,1294.17,1283.03,1292.67,2222380000,1292.67,1.0075135,0.0032509
02/21/06 12:00 AM,1287.24,1291.92,1281.33,1283.03,2104320000,1283.03,0.9967294,-0.0014227
02/17/06 12:00 AM,1289.38,1289.47,1284.07,1287.24,2128260000,1287.24,0.9983403,-0.0007214
02/16/06 12:00 AM,1280,1289.39,1280,1289.38,2251490000,1289.38,1.0073281,0.0031710
02/15/06 12:00 AM,1275.53,1281,1271.06,1280,2317590000,1280,1.0035044,0.0015193
02/14/06 12:00 AM,1262.86,1278.21,1260.8,1275.53,2437940000,1275.53,1.0100328,0.0043355
02/13/06 12:00 AM,1266.99,1266.99,1258.34,1262.86,1850080000,1262.86,0.9967403,-0.0014180
02/10/06 12:00 AM,1263.82,1269.89,1254.98,1266.99,2290050000,1266.99,1.0025400,0.0011017
02/09/06 12:00 AM,1265.65,1274.56,1262.8,1263.78,2441920000,1263.78,0.9985225,-0.0006421
02/08/06 12:00 AM,1254.78,1266.47,1254.78,1265.65,2456860000,1265.65,1.0086629,0.0037460
02/07/06 12:00 AM,1265.02,1265.78,1253.61,1254.78,2366370000,1254.78,0.9919053,-0.0035298
02/06/06 12:00 AM,1264.03,1267.04,1261.62,1265.02,2132360000,1265.02,1.0007832,0.0003400
02/03/06 12:00 AM,1270.84,1270.87,1261.02,1264.03,2282210000,1264.03,0.9946413,-0.0023335
02/02/06 12:00 AM,1282.46,1282.46,1267.72,1270.84,2565300000,1270.84,0.9909393,-0.0039530
02/01/06 12:00 AM,1280.08,1283.33,1277.57,1282.46,2589410000,1282.46,1.0018593,0.0008067
01/31/06 12:00 AM,1285.2,1285.2,1276.85,1280.08,2708310000,1280.08,0.9960239,-0.0017302
01/30/06 12:00 AM,1283.72,1287.94,1283.51,1285.19,2282730000,1285.19,1.0011451,0.0004970
01/27/06 12:00 AM,1273.83,1286.38,1273.83,1283.72,2623620000,1283.72,1.0077640,0.0033588
01/26/06 12:00 AM,1264.68,1276.44,1264.68,1273.83,2856780000,1273.83,1.0072350,0.0031308
01/25/06 12:00 AM,1266.86,1271.87,1259.42,1264.68,2617060000,1264.68,0.9982792,-0.0007480
01/24/06 12:00 AM,1263.82,1271.47,1263.82,1266.86,2608720000,1266.86,1.0024054,0.0010434
01/23/06 12:00 AM,1261.49,1268.19,1261.49,1263.82,2256070000,1263.82,1.0018470,0.0008014
01/20/06 12:00 AM,1285.04,1285.04,1260.92,1261.49,2845810000,1261.49,0.9816737,-0.0080328
01/19/06 12:00 AM,1277.93,1287.79,1277.93,1285.04,2444020000,1285.04,1.0055637,0.0024096
01/18/06 12:00 AM,1282.93,1282.93,1272.08,1277.93,2233200000,1277.93,0.9960250,-0.0017297
01/17/06 12:00 AM,1287.61,1287.61,1278.61,1283.03,2179970000,1283.03,0.9964430,-0.0015475
01/13/06 12:00 AM,1286.06,1288.96,1282.78,1287.61,2206510000,1287.61,1.0012052,0.0005231
01/12/06 12:00 AM,1294.18,1294.18,1285.04,1286.06,2318350000,1286.06,0.9937258,-0.0027335
01/11/06 12:00 AM,1289.72,1294.9,1288.12,1294.18,2406130000,1294.18,1.0034815,0.0015094
01/10/06 12:00 AM,1290.15,1290.15,1283.76,1289.69,2373080000,1289.69,0.9996435,-0.0001549
01/09/06 12:00 AM,1285.45,1290.78,1284.82,1290.15,2301490000,1290.15,1.0036563,0.0015850
01/06/06 12:00 AM,1273.48,1286.09,1273.48,1285.45,2446560000,1285.45,1.0093994,0.0040631
01/05/06 12:00 AM,1273.46,1276.91,1270.3,1273.48,2433340000,1273.48,1.0000157,0.0000068
01/04/06 12:00 AM,1268.8,1275.37,1267.74,1273.46,2515330000,1273.46,1.0036728,0.0015921
01/03/06 12:00 AM,1248.29,1270.22,1245.74,1268.8,2554570000,1268.8,1.0164305,0.0070777
12/30/05 12:00 AM,1254.42,1254.42,1246.59,1248.29,1443500000,1248.29,0.9951133,-0.0021275
12/29/05 12:00 AM,1258.17,1260.61,1254.18,1254.42,1382540000,1254.42,0.9970195,-0.0012964
12/28/05 12:00 AM,1256.54,1261.1,1256.54,1258.17,1422360000,1258.17,1.0012972,0.0005630
12/27/05 12:00 AM,1268.66,1271.83,1256.54,1256.54,1540470000,1256.54,0.9904466,-0.0041689
12/23/05 12:00 AM,1268.12,1269.76,1265.92,1268.66,1285810000,1268.66,1.0004258,0.0001849
12/22/05 12:00 AM,1262.79,1268.19,1262.5,1268.12,1888500000,1268.12,1.0042208,0.0018292
12/21/05 12:00 AM,1259.62,1269.37,1259.62,1262.79,2065170000,1262.79,1.0025166,0.0010916
12/20/05 12:00 AM,1259.92,1263.86,1257.21,1259.62,1996690000,1259.62,0.9997619,-0.0001034
12/19/05 12:00 AM,1267.32,1270.51,1259.28,1259.92,2208810000,1259.92,0.9941609,-0.0025433
12/16/05 12:00 AM,1270.94,1275.24,1267.32,1267.32,2584190000,1267.32,0.9971517,-0.0012388
12/15/05 12:00 AM,1272.74,1275.17,1267.74,1270.94,2180590000,1270.94,0.9985857,-0.0006146
12/14/05 12:00 AM,1267.43,1275.8,1267.07,1272.74,2145520000,1272.74,1.0041896,0.0018157
12/13/05 12:00 AM,1260.43,1272.11,1258.56,1267.43,2390020000,1267.43,1.0055537,0.0024053
12/12/05 12:00 AM,1259.37,1263.86,1255.52,1260.43,1876550000,1260.43,1.0008417,0.0003654
12/09/05 12:00 AM,1255.84,1263.08,1254.24,1259.37,1896290000,1259.37,1.0028109,0.0012190
12/08/05 12:00 AM,1257.37,1263.36,1250.91,1255.84,2178300000,1255.84,0.9987832,-0.0005288
12/07/05 12:00 AM,1263.7,1264.85,1253.02,1257.37,2093830000,1257.37,0.9949909,-0.0021809
12/06/05 12:00 AM,1262.09,1272.89,1262.09,1263.7,2110740000,1263.7,1.0012757,0.0005537
12/05/05 12:00 AM,1265.08,1265.08,1258.12,1262.09,2325840000,1262.09,0.9976365,-0.0010277
12/02/05 12:00 AM,1264.67,1266.85,1261.42,1265.08,2125580000,1265.08,1.0003242,0.0001408
12/01/05 12:00 AM,1249.48,1266.17,1249.48,1264.67,2614830000,1264.67,1.0121571,0.0052479
11/30/05 12:00 AM,1257.48,1260.93,1249.39,1249.48,2374690000,1249.48,0.9936381,-0.0027718
11/29/05 12:00 AM,1257.46,1266.18,1257.46,1257.48,2268340000,1257.48,1.0000159,0.0000069
11/28/05 12:00 AM,1268.25,1268.44,1257.17,1257.46,2016900000,1257.46,0.9914922,-0.0037107
11/25/05 12:00 AM,1265.61,1268.78,1265.54,1268.25,724940000,1268.25,1.0020860,0.0009050
11/23/05 12:00 AM,1261.23,1270.64,1259.51,1265.61,1985400000,1265.61,1.0034728,0.0015056
11/22/05 12:00 AM,1254.85,1261.9,1251.4,1261.23,2291420000,1261.23,1.0050843,0.0022025
11/21/05 12:00 AM,1248.27,1255.89,1246.9,1254.85,2117350000,1254.85,1.0052713,0.0022833
11/18/05 12:00 AM,1242.8,1249.58,1240.71,1248.27,2453290000,1248.27,1.0044014,0.0019073
11/17/05 12:00 AM,1231.21,1242.96,1231.21,1242.8,2298040000,1242.8,1.0094135,0.0040691
11/16/05 12:00 AM,1229.01,1232.24,1227.18,1231.21,2121580000,1231.21,1.0017901,0.0007767
11/15/05 12:00 AM,1233.76,1237.94,1226.41,1229.01,2359370000,1229.01,0.9961500,-0.0016753
11/14/05 12:00 AM,1234.72,1237.2,1231.78,1233.76,1899780000,1233.76,0.9992225,-0.0003378
11/11/05 12:00 AM,1230.96,1235.7,1230.72,1234.72,1773140000,1234.72,1.0030545,0.0013245
11/10/05 12:00 AM,1220.65,1232.41,1215.05,1230.96,2378460000,1230.96,1.0084463,0.0036528
11/09/05 12:00 AM,1218.59,1226.59,1216.53,1220.65,2214460000,1220.65,1.0016905,0.0007335
11/08/05 12:00 AM,1222.81,1222.81,1216.08,1218.59,1965050000,1218.59,0.9965489,-0.0015014
11/07/05 12:00 AM,1220.14,1224.18,1217.29,1222.81,1987580000,1222.81,1.0021883,0.0009493
11/04/05 12:00 AM,1219.94,1222.52,1214.45,1220.14,2050510000,1220.14,1.0001639,0.0000712
11/03/05 12:00 AM,1214.76,1224.7,1214.76,1219.94,2716630000,1219.94,1.0042642,0.0018480
11/02/05 12:00 AM,1202.76,1215.17,1201.07,1214.76,2648090000,1214.76,1.0099771,0.0043115
11/01/05 12:00 AM,1207.01,1207.34,1201.66,1202.76,2457850000,1202.76,0.9964789,-0.0015319
10/31/05 12:00 AM,1198.41,1211.43,1198.41,1207.01,2567470000,1207.01,1.0071762,0.0031054
10/28/05 12:00 AM,1178.9,1198.41,1178.9,1198.41,2379400000,1198.41,1.0165493,0.0071285
10/27/05 12:00 AM,1191.38,1192.65,1178.89,1178.9,2395370000,1178.9,0.9895248,-0.0045733
10/26/05 12:00 AM,1196.54,1204.01,1191.38,1191.38,2467750000,1191.38,0.9956876,-0.0018769
10/25/05 12:00 AM,1199.38,1201.3,1189.29,1196.54,2312470000,1196.54,0.9976321,-0.0010296
10/24/05 12:00 AM,1179.59,1199.39,1179.59,1199.38,2197790000,1199.38,1.0167770,0.0072257
10/21/05 12:00 AM,1177.8,1186.46,1174.92,1179.59,2470920000,1179.59,1.0015198,0.0006595
10/20/05 12:00 AM,1195.76,1197.3,1173.3,1177.8,2617250000,1177.8,0.9849803,-0.0065725
10/19/05 12:00 AM,1178.14,1195.76,1170.55,1195.76,2703590000,1195.76,1.0149558,0.0064471
10/18/05 12:00 AM,1190.1,1190.1,1178.13,1178.14,2197010000,1178.14,0.9899504,-0.0043866
10/17/05 12:00 AM,1186.57,1191.21,1184.48,1190.1,2054570000,1190.1,1.0029750,0.0012901
10/14/05 12:00 AM,1176.84,1187.13,1175.44,1186.57,2188940000,1186.57,1.0082679,0.0035759
10/13/05 12:00 AM,1177.68,1179.56,1168.2,1176.84,2351150000,1176.84,0.9992867,-0.0003099
10/12/05 12:00 AM,1184.87,1190.02,1173.65,1177.68,2491280000,1177.68,0.9939318,-0.0026434
10/11/05 12:00 AM,1187.33,1193.1,1183.16,1184.87,2299040000,1184.87,0.9979281,-0.0009007
10/10/05 12:00 AM,1195.9,1196.52,1186.12,1187.33,2195990000,1187.33,0.9928338,-0.0031234
10/07/05 12:00 AM,1191.49,1199.71,1191.46,1195.9,2126080000,1195.9,1.0037012,0.0016045
10/06/05 12:00 AM,1196.39,1202.14,1181.92,1191.49,2792030000,1191.49,0.9959043,-0.0017824
10/05/05 12:00 AM,1214.47,1214.47,1196.25,1196.39,2546780000,1196.39,0.9851128,-0.0065140
10/04/05 12:00 AM,1226.7,1229.88,1214.02,1214.47,2341420000,1214.47,0.9900302,-0.0043516
10/03/05 12:00 AM,1228.81,1233.34,1225.15,1226.7,2097490000,1226.7,0.9982829,-0.0007464
09/30/05 12:00 AM,1227.68,1229.57,1225.22,1228.81,2097520000,1228.81,1.0009204,0.0003996
09/29/05 12:00 AM,1216.89,1228.7,1211.54,1227.68,2176120000,1227.68,1.0088669,0.0038339
09/28/05 12:00 AM,1215.66,1220.98,1212.72,1216.89,2106980000,1216.89,1.0010118,0.0004392
09/27/05 12:00 AM,1215.63,1220.17,1211.11,1215.66,1976270000,1215.66,1.0000247,0.0000107
09/26/05 12:00 AM,1215.29,1222.56,1211.84,1215.63,2022220000,1215.63,1.0002798,0.0001215
09/23/05 12:00 AM,1214.62,1218.83,1209.8,1215.29,1973020000,1215.29,1.0005516,0.0002395
09/22/05 12:00 AM,1210.2,1216.64,1205.35,1214.62,2424720000,1214.62,1.0036523,0.0015833
09/21/05 12:00 AM,1221.34,1221.52,1209.89,1210.2,2548150000,1210.2,0.9908789,-0.0039794
09/20/05 12:00 AM,1231.02,1236.49,1220.07,1221.34,2319250000,1221.34,0.9921366,-0.0034285
09/19/05 12:00 AM,1237.91,1237.91,1227.65,1231.02,2076540000,1231.02,0.9944342,-0.0024240
09/16/05 12:00 AM,1228.42,1237.95,1228.42,1237.91,3152470000,1237.91,1.0082917,0.0035862
09/15/05 12:00 AM,1227.16,1231.88,1224.85,1227.73,2079340000,1227.73,1.0004645,0.0002017
09/14/05 12:00 AM,1231.2,1234.74,1226.16,1227.16,1986750000,1227.16,0.9967186,-0.0014274
09/13/05 12:00 AM,1240.57,1240.57,1231.2,1231.2,2082360000,1231.2,0.9924550,-0.0032892
09/12/05 12:00 AM,1241.48,1242.6,1239.15,1240.56,1938050000,1240.56,0.9992589,-0.0003220
09/09/05 12:00 AM,1231.67,1243.13,1231.67,1241.48,1992560000,1241.48,1.0079648,0.0034454
09/08/05 12:00 AM,1236.36,1236.36,1229.51,1231.67,1955380000,1231.67,0.9962066,-0.0016506
09/07/05 12:00 AM,1233.39,1237.06,1230.93,1236.36,2067700000,1236.36,1.0024080,0.0010445
09/06/05 12:00 AM,1218.02,1233.61,1218.02,1233.39,1932090000,1233.39,1.0126188,0.0054460
09/02/05 12:00 AM,1221.59,1224.45,1217.75,1218.02,1640160000,1218.02,0.9970776,-0.0012710
09/01/05 12:00 AM,1220.33,1227.29,1216.18,1221.59,2229860000,1221.59,1.0010325,0.0004482
08/31/05 12:00 AM,1208.41,1220.36,1204.4,1220.33,2365510000,1220.33,1.0098642,0.0042630
08/30/05 12:00 AM,1212.28,1212.28,1201.07,1208.41,1916470000,1208.41,0.9968077,-0.0013886
08/29/05 12:00 AM,1205.1,1214.28,1201.53,1212.28,1599450000,1212.28,1.0059580,0.0025799
08/26/05 12:00 AM,1212.4,1212.4,1204.23,1205.1,1541090000,1205.1,0.9940035,-0.0026121
08/25/05 12:00 AM,1209.59,1213.73,1209.57,1212.37,1571110000,1212.37,1.0022983,0.0009970
08/24/05 12:00 AM,1217.57,1224.15,1209.37,1209.59,1930800000,1209.59,0.9934296,-0.0028629
08/23/05 12:00 AM,1221.73,1223.04,1214.44,1217.59,1678620000,1217.59,0.9966114,-0.0014742
08/22/05 12:00 AM,1219.71,1228.96,1216.47,1221.73,1621330000,1221.73,1.0016561,0.0007187
08/19/05 12:00 AM,1219.02,1225.08,1219.02,1219.71,1558790000,1219.71,1.0005660,0.0002458
08/18/05 12:00 AM,1220.24,1222.64,1215.93,1219.02,1808170000,1219.02,0.9990002,-0.0004344
08/17/05 12:00 AM,1219.34,1225.63,1218.07,1220.24,1859150000,1220.24,1.0007381,0.0003204
08/16/05 12:00 AM,1233.87,1233.87,1219.05,1219.34,1820410000,1219.34,0.9882240,-0.0051446
08/15/05 12:00 AM,1230.4,1236.24,1226.2,1233.87,1562880000,1233.87,1.0028284,0.0012266
08/12/05 12:00 AM,1237.81,1237.81,1225.87,1230.39,1709300000,1230.39,0.9940055,-0.0026112
08/11/05 12:00 AM,1229.13,1237.81,1228.33,1237.81,1941560000,1237.81,1.0070619,0.0030562
08/10/05 12:00 AM,1231.38,1242.69,1226.58,1229.13,2172320000,1229.13,0.9981728,-0.0007943
08/09/05 12:00 AM,1223.13,1234.11,1223.13,1231.38,1897520000,1231.38,1.0067450,0.0029195
08/08/05 12:00 AM,1226.42,1232.28,1222.67,1223.13,1804140000,1223.13,0.9973174,-0.0011666
08/05/05 12:00 AM,1235.86,1235.86,1225.62,1226.42,1930280000,1226.42,0.9923616,-0.0033301
08/04/05 12:00 AM,1245.04,1245.04,1235.15,1235.86,1981220000,1235.86,0.9926267,-0.0032140
08/03/05 12:00 AM,1244.12,1245.86,1240.57,1245.04,1999980000,1245.04,1.0007395,0.0003210
08/02/05 12:00 AM,1235.35,1244.69,1235.35,1244.12,2043120000,1244.12,1.0070992,0.0030723
08/01/05 12:00 AM,1234.18,1239.1,1233.8,1235.35,1716870000,1235.35,1.0009480,0.0004115
07/29/05 12:00 AM,1243.72,1245.04,1234.18,1234.18,1789600000,1234.18,0.9923295,-0.0033441
07/28/05 12:00 AM,1236.79,1245.15,1235.81,1243.72,2001680000,1243.72,1.0056032,0.0024267
07/27/05 12:00 AM,1231.16,1237.64,1230.15,1236.79,1945800000,1236.79,1.0045729,0.0019815
07/26/05 12:00 AM,1229.03,1234.42,1229.03,1231.16,1934180000,1231.16,1.0017331,0.0007520
07/25/05 12:00 AM,1233.68,1238.36,1228.15,1229.03,1717580000,1229.03,0.9962308,-0.0016400
07/22/05 12:00 AM,1227.04,1234.19,1226.15,1233.68,1766990000,1233.68,1.0054114,0.0023438
07/21/05 12:00 AM,1235.2,1235.83,1224.7,1227.04,2129840000,1227.04,0.9933938,-0.0028786
07/20/05 12:00 AM,1229.35,1236.56,1222.91,1235.2,2063340000,1235.2,1.0047586,0.0020617
07/19/05 12:00 AM,1221.13,1230.34,1221.13,1229.35,2041280000,1229.35,1.0067315,0.0029136
07/18/05 12:00 AM,1227.92,1227.92,1221.13,1221.13,1582100000,1221.13,0.9944703,-0.0024082
07/15/05 12:00 AM,1226.5,1229.53,1223.5,1227.92,1716400000,1227.92,1.0011578,0.0005025
07/14/05 12:00 AM,1223.29,1233.16,1223.29,1226.5,2048710000,1226.5,1.0026241,0.0011381
07/13/05 12:00 AM,1222.21,1224.46,1219.64,1223.29,1812500000,1223.29,1.0008836,0.0003836
07/12/05 12:00 AM,1219.44,1225.54,1216.6,1222.21,1932010000,1222.21,1.0022715,0.0009854
07/11/05 12:00 AM,1211.86,1220.03,1211.86,1219.44,1846300000,1219.44,1.0062548,0.0027080
07/08/05 12:00 AM,1197.87,1212.73,1197.2,1211.86,1900810000,1211.86,1.0116791,0.0050428
07/07/05 12:00 AM,1194.94,1198.46,1183.55,1197.87,1952440000,1197.87,1.0024520,0.0010636
07/06/05 12:00 AM,1204.99,1206.11,1194.78,1194.94,1883470000,1194.94,0.9916597,-0.0036373
07/05/05 12:00 AM,1194.44,1206.34,1192.49,1204.99,1805820000,1204.99,1.0088326,0.0038191
07/01/05 12:00 AM,1191.33,1197.89,1191.33,1194.44,1593820000,1194.44,1.0026105,0.0011323
06/30/05 12:00 AM,1199.85,1203.27,1190.51,1191.33,2109490000,1191.33,0.9928991,-0.0030949
06/29/05 12:00 AM,1201.57,1204.07,1198.7,1199.85,1769280000,1199.85,0.9985685,-0.0006221
06/28/05 12:00 AM,1190.69,1202.54,1190.69,1201.57,1772410000,1201.57,1.0091376,0.0039504
06/27/05 12:00 AM,1191.57,1194.33,1188.3,1190.69,1738620000,1190.69,0.9992615,-0.0003209
06/24/05 12:00 AM,1200.73,1200.9,1191.45,1191.57,2418800000,1191.57,0.9923713,-0.0033258
06/23/05 12:00 AM,1213.88,1216.45,1200.72,1200.73,2029920000,1200.73,0.9891670,-0.0047304
06/22/05 12:00 AM,1213.61,1219.59,1211.69,1213.88,1823250000,1213.88,1.0002225,0.0000966
06/21/05 12:00 AM,1216.1,1217.13,1211.86,1213.61,1720700000,1213.61,0.9979525,-0.0008901
06/20/05 12:00 AM,1216.96,1219.1,1210.65,1216.1,1714530000,1216.1,0.9992933,-0.0003070
06/17/05 12:00 AM,1210.93,1219.55,1210.93,1216.96,2407370000,1216.96,1.0049547,0.0021465
06/16/05 12:00 AM,1206.55,1212.1,1205.47,1210.96,1776040000,1210.96,1.0036301,0.0015737
06/15/05 12:00 AM,1203.91,1208.08,1198.66,1206.58,1840440000,1206.58,1.0022178,0.0009621
06/14/05 12:00 AM,1200.82,1207.53,1200.18,1203.91,1698150000,1203.91,1.0025732,0.0011161
06/13/05 12:00 AM,1198.11,1206.03,1194.51,1200.82,1661350000,1200.82,1.0022619,0.0009812
06/10/05 12:00 AM,1200.93,1202.79,1192.64,1198.11,1664180000,1198.11,0.9976518,-0.0010210
06/09/05 12:00 AM,1194.67,1201.86,1191.09,1200.93,1824120000,1200.93,1.0052399,0.0022697
06/08/05 12:00 AM,1197.26,1201.97,1193.33,1194.67,1715490000,1194.67,0.9978367,-0.0009405
06/07/05 12:00 AM,1197.51,1208.85,1197.26,1197.26,1851370000,1197.26,0.9997912,-0.0000907
06/06/05 12:00 AM,1196.02,1198.78,1192.75,1197.51,1547120000,1197.51,1.0012458,0.0005407
06/03/05 12:00 AM,1204.29,1205.09,1194.55,1196.02,1627520000,1196.02,0.9931329,-0.0029926
06/02/05 12:00 AM,1202.27,1204.67,1198.42,1204.29,1813790000,1204.29,1.0017218,0.0007471
06/01/05 12:00 AM,1191.5,1205.64,1191.03,1202.22,1810100000,1202.22,1.0089971,0.0038899
05/31/05 12:00 AM,1198.78,1198.78,1191.5,1191.5,1840680000,1191.5,0.9939272,-0.0026454
05/27/05 12:00 AM,1197.62,1199.56,1195.28,1198.78,1381430000,1198.78,1.0009686,0.0004204
05/26/05 12:00 AM,1190.01,1198.95,1190.01,1197.62,1654110000,1197.62,1.0063949,0.0027684
05/25/05 12:00 AM,1194.07,1194.07,1185.96,1190.01,1742180000,1190.01,0.9965999,-0.0014792
05/24/05 12:00 AM,1193.86,1195.29,1189.87,1194.07,1681000000,1194.07,1.0001759,0.0000764
05/23/05 12:00 AM,1189.28,1197.44,1188.76,1193.86,1681170000,1193.86,1.0038511,0.0016693
05/20/05 12:00 AM,1191.08,1191.22,1185.19,1189.28,1631750000,1189.28,0.9984888,-0.0006568
05/19/05 12:00 AM,1185.56,1191.09,1184.49,1191.08,1775860000,1191.08,1.0046560,0.0020174
05/18/05 12:00 AM,1173.8,1187.9,1173.8,1185.56,2266320000,1185.56,1.0100187,0.0043294
05/17/05 12:00 AM,1165.69,1174.35,1159.86,1173.8,1887260000,1173.8,1.0069573,0.0030110
05/16/05 12:00 AM,1154.05,1165.75,1153.64,1165.69,1856860000,1165.69,1.0100862,0.0043584
05/13/05 12:00 AM,1159.36,1163.75,1146.18,1154.05,2188590000,1154.05,0.9954199,-0.0019937
05/12/05 12:00 AM,1171.11,1173.37,1157.76,1159.36,1995290000,1159.36,0.9899668,-0.0043794
05/11/05 12:00 AM,1166.22,1171.77,1157.71,1171.11,1834970000,1171.11,1.0041930,0.0018172
05/10/05 12:00 AM,1178.84,1178.84,1162.98,1166.22,1889660000,1166.22,0.9892946,-0.0046744
05/09/05 12:00 AM,1171.35,1178.87,1169.38,1178.84,1857020000,1178.84,1.0063943,0.0027682
05/06/05 12:00 AM,1172.63,1177.75,1170.5,1171.35,1707200000,1171.35,0.9989084,-0.0004743
05/05/05 12:00 AM,1175.65,1178.62,1166.77,1172.63,1997100000,1172.63,0.9974312,-0.0011170
05/04/05 12:00 AM,1161.17,1176.01,1161.17,1175.65,2306480000,1175.65,1.0124702,0.0053822
05/03/05 12:00 AM,1162.16,1166.89,1156.71,1161.17,2167020000,1161.17,0.9991481,-0.0003701
05/02/05 12:00 AM,1156.85,1162.87,1154.71,1162.16,1980040000,1162.16,1.0045901,0.0019889
04/29/05 12:00 AM,1143.22,1156.97,1139.19,1156.85,2362360000,1156.85,1.0119225,0.0051472
04/28/05 12:00 AM,1156.38,1156.38,1143.22,1143.22,2182270000,1143.22,0.9886197,-0.0049708
04/27/05 12:00 AM,1151.74,1159.87,1144.42,1156.38,2151520000,1156.38,1.0039502,0.0017122
04/26/05 12:00 AM,1162.1,1164.8,1151.83,1151.83,1959740000,1151.83,0.9911626,-0.0038551
04/25/05 12:00 AM,1152.12,1164.05,1152.12,1162.1,1795030000,1162.1,1.0086623,0.0037458
04/22/05 12:00 AM,1159.95,1159.95,1142.95,1152.12,2045880000,1152.12,0.9932497,-0.0029416
04/21/05 12:00 AM,1137.5,1159.95,1137.5,1159.95,2308560000,1159.95,1.0197363,0.0084879
04/20/05 12:00 AM,1152.78,1155.5,1136.15,1137.5,2217050000,1137.5,0.9867451,-0.0057950
04/19/05 12:00 AM,1145.98,1154.67,1145.98,1152.78,2142700000,1152.78,1.0059338,0.0025694
04/18/05 12:00 AM,1142.62,1148.92,1139.8,1145.98,2180670000,1145.98,1.0029406,0.0012752
04/15/05 12:00 AM,1162.05,1162.05,1141.92,1142.62,2689960000,1142.62,0.9832795,-0.0073230
04/14/05 12:00 AM,1173.79,1174.67,1161.7,1162.05,2355040000,1162.05,0.9899982,-0.0043656
04/13/05 12:00 AM,1187.76,1187.76,1171.4,1173.79,2049740000,1173.79,0.9882384,-0.0051383
04/12/05 12:00 AM,1181.21,1190.17,1170.85,1187.76,1979830000,1187.76,1.0055452,0.0024016
04/11/05 12:00 AM,1181.2,1184.07,1178.69,1181.21,1525310000,1181.21,1.0000085,0.0000037
04/08/05 12:00 AM,1191.14,1191.75,1181.13,1181.2,1661330000,1181.2,0.9916551,-0.0036394
04/07/05 12:00 AM,1184.07,1191.88,1183.81,1191.14,1900620000,1191.14,1.0059709,0.0025854
04/06/05 12:00 AM,1181.39,1189.34,1181.39,1184.07,1797400000,1184.07,1.0022685,0.0009841
04/05/05 12:00 AM,1176.12,1183.56,1176.12,1181.39,1870800000,1181.39,1.0044808,0.0019417
04/04/05 12:00 AM,1172.79,1178.61,1167.72,1176.12,2079770000,1176.12,1.0027282,0.0011832
04/01/05 12:00 AM,1180.59,1189.8,1169.91,1172.92,2168690000,1172.92,0.9935032,-0.0028307
03/31/05 12:00 AM,1181.41,1184.53,1179.49,1180.59,2214230000,1180.59,0.9993059,-0.0003015
03/30/05 12:00 AM,1165.36,1181.54,1165.36,1181.41,2097110000,1181.41,1.0137726,0.0059405
03/29/05 12:00 AM,1174.28,1179.39,1163.69,1165.36,2223250000,1165.36,0.9924039,-0.0033116
03/28/05 12:00 AM,1171.42,1179.91,1171.42,1174.28,1746220000,1174.28,1.0024415,0.0010590
03/24/05 12:00 AM,1172.53,1180.11,1171.42,1171.42,1721720000,1171.42,0.9990533,-0.0004113
03/23/05 12:00 AM,1171.71,1176.26,1168.7,1172.53,2246870000,1172.53,1.0006998,0.0003038
03/22/05 12:00 AM,1183.78,1189.59,1171.63,1171.71,2114470000,1171.71,0.9898038,-0.0044509
03/21/05 12:00 AM,1189.65,1189.65,1178.82,1183.78,1819440000,1183.78,0.9950658,-0.0021482
03/18/05 12:00 AM,1190.21,1191.98,1182.78,1189.65,2344370000,1189.65,0.9995295,-0.0002044
03/17/05 12:00 AM,1188.07,1193.28,1186.34,1190.21,1581930000,1190.21,1.0018012,0.0007816
03/16/05 12:00 AM,1197.75,1197.75,1185.61,1188.07,1653190000,1188.07,0.9919182,-0.0035241
03/15/05 12:00 AM,1206.83,1210.54,1197.75,1197.75,1513530000,1197.75,0.9924762,-0.0032799
03/14/05 12:00 AM,1200.08,1206.83,1199.51,1206.83,1437430000,1206.83,1.0056246,0.0024359
03/11/05 12:00 AM,1209.25,1213.04,1198.15,1200.08,1449820000,1200.08,0.9924168,-0.0033059
03/10/05 12:00 AM,1207.01,1211.23,1201.41,1209.25,1604020000,1209.25,1.0018558,0.0008052
03/09/05 12:00 AM,1219.43,1219.43,1206.66,1207.01,1704970000,1207.01,0.9898149,-0.0044460
03/08/05 12:00 AM,1225.31,1225.69,1218.57,1219.43,1523090000,1219.43,0.9952012,-0.0020891
03/07/05 12:00 AM,1222.12,1229.11,1222.12,1225.31,1488830000,1225.31,1.0026102,0.0011321
03/04/05 12:00 AM,1210.47,1224.76,1210.47,1222.12,1636820000,1222.12,1.0096244,0.0041598
03/03/05 12:00 AM,1210.08,1215.72,1204.45,1210.47,1616240000,1210.47,1.0003223,0.0001399
03/02/05 12:00 AM,1210.41,1215.79,1204.22,1210.08,1568540000,1210.08,0.9997274,-0.0001184
03/01/05 12:00 AM,1203.6,1212.25,1203.6,1210.41,1708060000,1210.41,1.0056580,0.0024503
02/28/05 12:00 AM,1211.37,1211.37,1198.13,1203.6,1795480000,1203.6,0.9935858,-0.0027946
02/25/05 12:00 AM,1200.2,1212.15,1199.61,1211.37,1523680000,1211.37,1.0093068,0.0040232
02/24/05 12:00 AM,1190.8,1200.42,1187.8,1200.2,1518750000,1200.2,1.0078939,0.0034148
02/23/05 12:00 AM,1184.16,1193.52,1184.16,1190.8,1501090000,1190.8,1.0056074,0.0024284
02/22/05 12:00 AM,1201.59,1202.48,1184.16,1184.16,1744940000,1184.16,0.9854942,-0.0063459
02/18/05 12:00 AM,1200.75,1202.92,1197.35,1201.59,1551200000,1201.59,1.0006996,0.0003037
02/17/05 12:00 AM,1210.34,1211.33,1200.74,1200.75,1580120000,1200.75,0.9920766,-0.0034548
02/16/05 12:00 AM,1210.12,1212.44,1205.06,1210.34,1490100000,1210.34,1.0001818,0.0000789
02/15/05 12:00 AM,1206.14,1212.44,1205.52,1210.12,1527080000,1210.12,1.0032998,0.0014307
02/14/05 12:00 AM,1205.3,1206.93,1203.59,1206.14,1290180000,1206.14,1.0006969,0.0003026
02/11/05 12:00 AM,1197.01,1208.38,1193.28,1205.3,1562300000,1205.3,1.0069256,0.0029974
02/10/05 12:00 AM,1191.99,1198.75,1191.54,1197.01,1491670000,1197.01,1.0042114,0.0018252
02/09/05 12:00 AM,1202.3,1203.83,1191.54,1191.99,1511040000,1191.99,0.9914248,-0.0037402
02/08/05 12:00 AM,1201.72,1205.11,1200.16,1202.3,1416170000,1202.3,1.0004826,0.0002096
02/07/05 12:00 AM,1203.03,1204.15,1199.27,1201.72,1347270000,1201.72,0.9989111,-0.0004732
02/04/05 12:00 AM,1189.89,1203.47,1189.67,1203.03,1648160000,1203.03,1.0110430,0.0047696
02/03/05 12:00 AM,1193.19,1193.19,1185.64,1189.89,1554460000,1189.89,0.9972343,-0.0012028
02/02/05 12:00 AM,1189.41,1195.25,1188.92,1193.19,1561740000,1193.19,1.0031780,0.0013780
02/01/05 12:00 AM,1181.27,1190.39,1180.95,1189.41,1681980000,1189.41,1.0068909,0.0029824
01/31/05 12:00 AM,1171.36,1182.07,1171.36,1181.27,1679800000,1181.27,1.0084603,0.0036588
01/28/05 12:00 AM,1174.55,1175.61,1166.25,1171.36,1641800000,1171.36,0.9972841,-0.0011811
01/27/05 12:00 AM,1174.07,1177.5,1170.15,1174.55,1600600000,1174.55,1.0004088,0.0001775
01/26/05 12:00 AM,1168.41,1175.96,1168.41,1174.07,1635900000,1174.07,1.0048442,0.0020987
01/25/05 12:00 AM,1163.75,1174.3,1163.75,1168.41,1610400000,1168.41,1.0040043,0.0017356
01/24/05 12:00 AM,1167.87,1173.03,1163.75,1163.75,1494600000,1163.75,0.9964722,-0.0015348
01/21/05 12:00 AM,1175.41,1179.45,1167.82,1167.87,1643500000,1167.87,0.9935852,-0.0027949
01/20/05 12:00 AM,1184.63,1184.63,1173.42,1175.41,1692000000,1175.41,0.9922170,-0.0033933
01/19/05 12:00 AM,1195.98,1195.98,1184.41,1184.63,1498700000,1184.63,0.9905099,-0.0041412
01/18/05 12:00 AM,1184.52,1195.98,1180.1,1195.98,1596800000,1195.98,1.0096748,0.0041815
01/14/05 12:00 AM,1177.45,1185.21,1177.45,1184.52,1335400000,1184.52,1.0060045,0.0025999
01/13/05 12:00 AM,1187.7,1187.7,1175.81,1177.45,1510300000,1177.45,0.9913699,-0.0037643
01/12/05 12:00 AM,1182.99,1187.92,1175.64,1187.7,1562100000,1187.7,1.0039814,0.0017257
01/11/05 12:00 AM,1190.25,1190.25,1180.43,1182.99,1488800000,1182.99,0.9939004,-0.0026571
01/10/05 12:00 AM,1186.19,1194.78,1184.8,1190.25,1490400000,1190.25,1.0034227,0.0014839
01/07/05 12:00 AM,1187.89,1192.2,1182.16,1186.19,1477900000,1186.19,0.9985689,-0.0006220
01/06/05 12:00 AM,1183.74,1191.63,1183.27,1187.89,1569100000,1187.89,1.0035058,0.0015199
01/05/05 12:00 AM,1188.05,1192.73,1183.72,1183.74,1738900000,1183.74,0.9963722,-0.0015784
01/04/05 12:00 AM,1202.08,1205.84,1185.39,1188.05,1721000000,1188.05,0.9883286,-0.0050987
01/03/05 12:00 AM,1211.92,1217.8,1200.32,1202.08,1510800000,1202.08,0.9918807,-0.0035406
